{
    "name": "Kar",
    "e_TopSpeed": 100.0,
    "e_EnginePower": 0.30000001192092898,
    "e_EngineResistance": 0.10000000149011612,
    "e_RPMLimit": 0,
    "e_NumGears": 6,
    "d_Downforce": 0.10000000149011612,
    "d_Drag": 0.0010000000474974514,
    "d_Grip": 10.0,
    "d_DriftGrip": 3.0,
    "s_DriftTurnSpeed": 10.0,
    "s_DriftTurnAcceleration": 10.0,
    "s_DriftTurnDecay": 2.5,
    "s_MaxTurnSpeed": 1000.0,
    "s_MinTurnSpeed": 250.0,
    "s_MaxTurnValue": 15.0,
    "m_Mass": 999.9999389648438,
    "m_BrakingPower": 3.0,
    "m_MeshOffset": {
        "x": -1.5221364435547003e-7,
        "y": 0.0,
        "z": -0.28595638275146487
    },
    "m_MeshScale": {
        "x": 1.0,
        "y": 1.0,
        "z": 1.0
    },
    "m_MeshRotation": {
        "x": 0.0,
        "y": 0.0,
        "z": 0.0
    },
    "wheels": [
        {
            "w_WheelType": 0,
            "w_MaxSteerAngle": 0.0,
            "w_WheelRadius": 0.5,
            "w_SuspensionStrength": 30000.0,
            "w_DamperStrength": 4000.0,
            "w_SuspensionTravel": 1.6399999856948853,
            "w_RestLength": 0.46000000834465029,
            "w_Position": {
                "x": -1.0,
                "y": -0.49000024795532229,
                "z": 1.059999942779541
            },
            "w_Scale": {
                "x": 0.20000000298023225,
                "y": 1.0,
                "z": 1.0
            },
            "w_IsSteering": true
        },
        {
            "w_WheelType": 0,
            "w_MaxSteerAngle": 0.0,
            "w_WheelRadius": 0.5,
            "w_SuspensionStrength": 30000.0,
            "w_DamperStrength": 4000.0,
            "w_SuspensionTravel": 1.6399999856948853,
            "w_RestLength": 0.46000000834465029,
            "w_Position": {
                "x": 1.0,
                "y": -0.49000024795532229,
                "z": 1.059999942779541
            },
            "w_Scale": {
                "x": 0.20000000298023225,
                "y": 1.0,
                "z": 1.0
            },
            "w_IsSteering": true
        },
        {
            "w_WheelType": 1,
            "w_MaxSteerAngle": 0.0,
            "w_WheelRadius": 0.5,
            "w_SuspensionStrength": 30000.0,
            "w_DamperStrength": 4000.0,
            "w_SuspensionTravel": 1.6399999856948853,
            "w_RestLength": 0.46000000834465029,
            "w_Position": {
                "x": -1.0,
                "y": -0.49000000953674319,
                "z": -1.6299999952316285
            },
            "w_Scale": {
                "x": 0.20000000298023225,
                "y": 1.0,
                "z": 1.0
            },
            "w_IsSteering": false
        },
        {
            "w_WheelType": 1,
            "w_MaxSteerAngle": 0.0,
            "w_WheelRadius": 0.5,
            "w_SuspensionStrength": 30000.0,
            "w_DamperStrength": 4000.0,
            "w_SuspensionTravel": 1.6399999856948853,
            "w_RestLength": 0.46000000834465029,
            "w_Position": {
                "x": 1.0,
                "y": -0.49000024795532229,
                "z": -1.6299999952316285
            },
            "w_Scale": {
                "x": 0.20000000298023225,
                "y": 1.0,
                "z": 1.0
            },
            "w_IsSteering": false
        }
    ]
}