{
    "name": "Vigilante",
    "e_TopSpeed": 110.0,
    "e_EnginePower": 0.5,
    "e_EngineResistance": 0.05999999865889549,
    "e_RPMLimit": 0,
    "e_NumGears": 8,
    "d_Downforce": 0.75,
    "d_Drag": 0.000019999999494757503,
    "d_Grip": 2000.0,
    "d_DriftGrip": 700.0,
    "s_DriftTurnSpeed": 3500.0,
    "s_DriftTurnAcceleration": 12.0,
    "s_DriftTurnDecay": 5.0,
    "s_MaxTurnSpeed": 1800.0,
    "s_MinTurnSpeed": 900.0,
    "s_MaxTurnValue": 5.0,
    "m_PhysicsType": "Drift",
    "m_Mass": 999.9999389648438,
    "m_BrakingPower": 0.4000000059604645,
    "m_MeshOffset": {
        "x": 0.0,
        "y": 0.0,
        "z": 0.0
    },
    "m_MeshScale": {
        "x": 0.75,
        "y": 0.75,
        "z": 0.75
    },
    "m_MeshRotation": {
        "x": 0.0,
        "y": 180.0,
        "z": 0.0
    },
    "wheels": [
        {
            "w_WheelType": 2,
            "w_MaxSteerAngle": 0.0,
            "w_WheelRadius": 0.37546876072883608,
            "w_SuspensionStrength": 35000.0,
            "w_DamperStrength": 4000.0,
            "w_SuspensionTravel": 0.75,
            "w_RestLength": 0.47999998927116396,
            "w_Position": {
                "x": -0.6990000009536743,
                "y": 0.13124999403953553,
                "z": -1.747499942779541
            },
            "w_Scale": {
                "x": 1.0012500286102296,
                "y": 1.0012500286102296,
                "z": 1.0012500286102296
            },
            "w_IsSteering": false,
            "w_IsDriven": true
        },
        {
            "w_WheelType": 2,
            "w_MaxSteerAngle": 0.0,
            "w_WheelRadius": 0.37546876072883608,
            "w_SuspensionStrength": 35000.0,
            "w_DamperStrength": 4000.0,
            "w_SuspensionTravel": 0.75,
            "w_RestLength": 0.47999998927116396,
            "w_Position": {
                "x": 0.6990000009536743,
                "y": 0.13124999403953553,
                "z": -1.747499942779541
            },
            "w_Scale": {
                "x": 1.0012500286102296,
                "y": 1.0012500286102296,
                "z": 1.0012500286102296
            },
            "w_IsSteering": false,
            "w_IsDriven": true
        },
        {
            "w_WheelType": 0,
            "w_MaxSteerAngle": 0.0,
            "w_WheelRadius": 0.3100000023841858,
            "w_SuspensionStrength": 35000.0,
            "w_DamperStrength": 4000.0,
            "w_SuspensionTravel": 0.75,
            "w_RestLength": 0.41999998688697817,
            "w_Position": {
                "x": 0.6990000009536743,
                "y": 0.0,
                "z": 0.6359999775886536
            },
            "w_Scale": {
                "x": 0.75,
                "y": 0.75,
                "z": 0.75
            },
            "w_IsSteering": true,
            "w_IsDriven": false
        },
        {
            "w_WheelType": 0,
            "w_MaxSteerAngle": 0.0,
            "w_WheelRadius": 0.3100000023841858,
            "w_SuspensionStrength": 35000.0,
            "w_DamperStrength": 4000.0,
            "w_SuspensionTravel": 0.75,
            "w_RestLength": 0.41999998688697817,
            "w_Position": {
                "x": -0.6990000009536743,
                "y": 0.0,
                "z": 0.6359999775886536
            },
            "w_Scale": {
                "x": 0.75,
                "y": 0.75,
                "z": 0.75
            },
            "w_IsSteering": true,
            "w_IsDriven": false
        }
    ]
}
