{
    "name": "PattyWagon",
    "e_TopSpeed": 45.0,
    "e_EnginePower": 0.6000000238418579,
    "e_EngineResistance": 0.10000000149011612,
    "e_RPMLimit": 0,
    "e_NumGears": 3,
    "d_Downforce": 1.0,
    "d_Drag": 0.004999999888241291,
    "d_Grip": 50.0,
    "d_DriftGrip": 20.0,
    "s_DriftTurnSpeed": 5000.0,
    "s_MaxTurnSpeed": 4000.0,
    "s_MinTurnSpeed": 1000.0,
    "s_MaxTurnValue": 5.0,
    "m_Mass": 100.0,
    "m_BrakingPower": 0.0,
    "m_MeshOffset": {
        "x": -1.5221364435547003e-7,
        "y": -0.6100000143051148,
        "z": -0.28595638275146487
    },
    "m_MeshScale": {
        "x": 0.4000000059604645,
        "y": 0.4000000059604645,
        "z": 0.4000000059604645
    },
    "m_MeshRotation": {
        "x": 0.0,
        "y": 90.0,
        "z": 0.0
    },
    "wheels": [
        {
            "w_WheelType": 0,
            "w_MaxSteerAngle": 0.0,
            "w_WheelRadius": 0.30000001192092898,
            "w_SuspensionStrength": 3000.0,
            "w_DamperStrength": 400.0,
            "w_SuspensionTravel": 1.0,
            "w_RestLength": 0.3400000035762787,
            "w_Position": {
                "x": -1.1929999589920045,
                "y": -0.36100006103515627,
                "z": 0.4000000059604645
            },
            "w_Scale": {
                "x": 0.30000001192092898,
                "y": 0.30000001192092898,
                "z": 0.30000001192092898
            },
            "w_IsSteering": true
        },
        {
            "w_WheelType": 0,
            "w_MaxSteerAngle": 0.0,
            "w_WheelRadius": 0.30000001192092898,
            "w_SuspensionStrength": 3000.0,
            "w_DamperStrength": 400.0,
            "w_SuspensionTravel": 1.0,
            "w_RestLength": 0.3400000035762787,
            "w_Position": {
                "x": 1.1100000143051148,
                "y": -0.36100006103515627,
                "z": 0.4000000059604645
            },
            "w_Scale": {
                "x": 0.30000001192092898,
                "y": 0.30000001192092898,
                "z": 0.30000001192092898
            },
            "w_IsSteering": true
        },
        {
            "w_WheelType": 1,
            "w_MaxSteerAngle": 0.0,
            "w_WheelRadius": 0.30000001192092898,
            "w_SuspensionStrength": 3000.0,
            "w_DamperStrength": 400.0,
            "w_SuspensionTravel": 1.0,
            "w_RestLength": 0.3400000035762787,
            "w_Position": {
                "x": -1.1929999589920045,
                "y": -0.36099982261657717,
                "z": -0.8999999761581421
            },
            "w_Scale": {
                "x": 0.30000001192092898,
                "y": 0.30000001192092898,
                "z": 0.30000001192092898
            },
            "w_IsSteering": false
        },
        {
            "w_WheelType": 1,
            "w_MaxSteerAngle": 0.0,
            "w_WheelRadius": 0.30000001192092898,
            "w_SuspensionStrength": 3000.0,
            "w_DamperStrength": 400.0,
            "w_SuspensionTravel": 1.0,
            "w_RestLength": 0.3400000035762787,
            "w_Position": {
                "x": 1.1100000143051148,
                "y": -0.3610000014305115,
                "z": -0.8999999761581421
            },
            "w_Scale": {
                "x": 0.30000001192092898,
                "y": 0.30000001192092898,
                "z": 0.30000001192092898
            },
            "w_IsSteering": false
        }
    ]
}
