{
    "name": "A Bike In Time",
    "e_TopSpeed": 56.0,
    "e_EnginePower": 0.4000000059604645,
    "e_EngineResistance": 0.18000000715255738,
    "e_RPMLimit": 0,
    "e_NumGears": 3,
    "d_Downforce": 0.05000000074505806,
    "d_Drag": 0.000019999999494757503,
    "d_Grip": 700.0,
    "d_DriftGrip": 350.0,
    "s_DriftTurnSpeed": 2800.0,
    "s_DriftTurnAcceleration": 12.0,
    "s_DriftTurnDecay": 2.0,
    "s_MaxTurnSpeed": 3000.0,
    "s_MinTurnSpeed": 800.0,
    "s_MaxTurnValue": 6.0,
    "m_Mass": 999.9999389648438,
    "m_BrakingPower": 1.0,
    "m_MeshOffset": {
        "x": 0.0,
        "y": -0.2199999988079071,
        "z": 0.0
    },
    "m_MeshScale": {
        "x": 0.7481348514556885,
        "y": 0.7481348514556885,
        "z": 0.7481348514556885
    },
    "m_MeshRotation": {
        "x": 0.0,
        "y": 90.00006866455078,
        "z": 0.0
    },
    "wheels": [
        {
            "w_WheelType": 2,
            "w_MaxSteerAngle": 0.0,
            "w_WheelRadius": 0.20000000298023225,
            "w_SuspensionStrength": 30000.0,
            "w_DamperStrength": 3000.0,
            "w_SuspensionTravel": 0.4000000059604645,
            "w_RestLength": 0.30000001192092898,
            "w_Position": {
                "x": -0.5550000071525574,
                "y": -0.23999999463558198,
                "z": -0.46000000834465029
            },
            "w_Scale": {
                "x": 0.4000000059604645,
                "y": 0.4000000059604645,
                "z": 0.4000000059604645
            },
            "w_IsSteering": false
        },
        {
            "w_WheelType": 2,
            "w_MaxSteerAngle": 0.0,
            "w_WheelRadius": 0.20000000298023225,
            "w_SuspensionStrength": 30000.0,
            "w_DamperStrength": 3000.0,
            "w_SuspensionTravel": 0.4000000059604645,
            "w_RestLength": 0.30000001192092898,
            "w_Position": {
                "x": 0.5550000071525574,
                "y": -0.23999999463558198,
                "z": -0.46000000834465029
            },
            "w_Scale": {
                "x": 0.4000000059604645,
                "y": 0.4000000059604645,
                "z": 0.4000000059604645
            },
            "w_IsSteering": false
        },
        {
            "w_WheelType": 0,
            "w_MaxSteerAngle": 0.0,
            "w_WheelRadius": 0.20000000298023225,
            "w_SuspensionStrength": 30000.0,
            "w_DamperStrength": 3000.0,
            "w_SuspensionTravel": 0.4000000059604645,
            "w_RestLength": 0.30000001192092898,
            "w_Position": {
                "x": 0.0,
                "y": -0.23999999463558198,
                "z": 0.8960000276565552
            },
            "w_Scale": {
                "x": 0.4000000059604645,
                "y": 0.4000000059604645,
                "z": 0.4000000059604645
            },
            "w_IsSteering": true
        }
    ]
}